<?xml version="1.0" encoding="UTF-8"?>
<addon id="repository.seedr"
       name="Seedr Repository"
       version="1.0.0"
       provider-name="Seedr">
  <extension point="xbmc.addon.repository">
    <info>https://kumarsss.github.io/see/addons.xml</info>
    <checksum>https://kumarsss.github.io/see/addons.xml.md5</checksum>
    <datadir>https://kumarsss.github.io/see/</datadir>
  </extension>
  <extension point="xbmc.addon.metadata">
    <summary>Seedr Kodi Repository</summary>
    <description>Repository for Seedr Kodi add-on</description>
    <platform>all</platform>
  </extension>
</addon>
